﻿<files><file>C:\Users\a0068192\Dropbox\2014 tool paper\case studies\CCS 6Models\Document2.rel</file><file>29035785</file><file>C:\Users\a0068192\Dropbox\2014 tool paper\case studies\CCS 6Models\Model2-b.rel</file><file>C:\Users\a0068192\Dropbox\2014 tool paper\case studies\CCS 6Models\fd.rel</file><file>12786415</file><file>C:\Users\a0068192\Dropbox\2014 tool paper\distributedSystem\DeviceShutdownController\controllerM.rel</file><file>C:\Users\a0068192\Dropbox\2014 tool paper\case studies\CSSMDP.rel</file><file>C:\Code\CCS 6Models\CSSMDPOriginal - Copy (7).rel</file><file>C:\Users\a0068192\Dropbox\2013 10 MDP reduction (schedulers)\writeup\icfem\2014 icfem mdp\experiments\examples\cases\tennis\1tennis game_singleset.pcsp</file></files>